{"cameraMode":{"drawMode":0,"name":"Shaded","section":"Shading Mode"},"sceneLighting":true,"audioPlay":false,"sceneViewState":{"showFog":true,"showMaterialUpdate":true,"showSkybox":true,"showFlares":true,"showImageEffects":true,"showParticleSystems":true},"in2DMode":false,"pivot":{"x":-0.8307156562805176,"y":0.20184898376464845,"z":1.0288758277893067},"rotation":{"x":0.14677686989307404,"y":-0.0029722119215875866,"z":0.0004409270186442882,"w":0.9891656637191773},"size":2.95892071723938,"orthographic":false}