{"cameraMode":{"drawMode":0,"name":"Shaded","section":"Shading Mode"},"sceneLighting":true,"audioPlay":false,"sceneViewState":{"showFog":true,"showMaterialUpdate":true,"showSkybox":true,"showFlares":true,"showImageEffects":true,"showParticleSystems":true},"in2DMode":false,"pivot":{"x":16.275117874145509,"y":10.349238395690918,"z":-3.354914665222168},"rotation":{"x":0.14805856347084046,"y":0.24234281480312348,"z":-0.03741824999451637,"w":0.9581190943717957},"size":15.684398651123047,"orthographic":false}