{"cameraMode":{"drawMode":0,"name":"Shaded","section":"Shading Mode"},"sceneLighting":true,"audioPlay":false,"sceneViewState":{"showFog":true,"showMaterialUpdate":true,"showSkybox":true,"showFlares":true,"showImageEffects":true,"showParticleSystems":true},"in2DMode":false,"pivot":{"x":0.6339235305786133,"y":-6.424783706665039,"z":-10.083196640014649},"rotation":{"x":0.35790297389030459,"y":-0.14596587419509889,"z":0.05678040161728859,"w":0.9205548763275147},"size":15.818589210510254,"orthographic":false}