{"cameraMode":{"drawMode":0,"name":"Shaded","section":"Shading Mode"},"sceneLighting":true,"audioPlay":false,"sceneViewState":{"showFog":true,"showMaterialUpdate":true,"showSkybox":true,"showFlares":true,"showImageEffects":true,"showParticleSystems":true},"in2DMode":false,"pivot":{"x":7.394371032714844,"y":1.7404927015304566,"z":-15.241898536682129},"rotation":{"x":-0.1837538629770279,"y":-0.008258671499788762,"z":0.001544514438137412,"w":-0.9829450845718384},"size":0.8030559420585632,"orthographic":false}