{"cameraMode":{"drawMode":0,"name":"Shaded","section":"Shading Mode"},"sceneLighting":true,"audioPlay":false,"sceneViewState":{"showFog":true,"showMaterialUpdate":true,"showSkybox":true,"showFlares":true,"showImageEffects":true,"showParticleSystems":true},"in2DMode":false,"pivot":{"x":-150.40452575683595,"y":13.09375,"z":154.1422119140625},"rotation":{"x":-0.2886328101158142,"y":-0.009475774131715298,"z":0.0028676134534180166,"w":-0.9574043154716492},"size":35.96878433227539,"orthographic":false}