{"cameraMode":{"drawMode":0,"name":"Shaded","section":"Shading Mode"},"sceneLighting":true,"audioPlay":false,"sceneViewState":{"showFog":true,"showMaterialUpdate":true,"showSkybox":true,"showFlares":true,"showImageEffects":true,"showParticleSystems":true},"in2DMode":false,"pivot":{"x":8.13387680053711,"y":-5.198576927185059,"z":-5.238452911376953},"rotation":{"x":-0.32858964800834658,"y":-0.0022674473002552988,"z":0.0007918816991150379,"w":-0.9444764256477356},"size":10.393790245056153,"orthographic":false}