{"cameraMode":{"drawMode":0,"name":"Shaded","section":"Shading Mode"},"sceneLighting":true,"audioPlay":false,"sceneViewState":{"showFog":true,"showMaterialUpdate":true,"showSkybox":true,"showFlares":true,"showImageEffects":true,"showParticleSystems":true},"in2DMode":false,"pivot":{"x":6.507968425750732,"y":0.46144771575927737,"z":-6.634102821350098},"rotation":{"x":-0.15036951005458833,"y":-0.4778120517730713,"z":0.08340364694595337,"w":-0.8614756464958191},"size":5.828699111938477,"orthographic":false}