{"cameraMode":{"drawMode":0,"name":"Shaded","section":"Shading Mode"},"sceneLighting":true,"audioPlay":false,"sceneViewState":{"showFog":true,"showMaterialUpdate":true,"showSkybox":true,"showFlares":true,"showImageEffects":true,"showParticleSystems":true},"in2DMode":false,"pivot":{"x":3.4930009841918947,"y":-0.23572473227977754,"z":-3.75710129737854},"rotation":{"x":0.05976570397615433,"y":-0.9147499799728394,"z":0.37154293060302737,"w":0.1471884399652481},"size":20.360292434692384,"orthographic":false}