{"cameraMode":{"drawMode":0,"name":"Shaded","section":"Shading Mode"},"sceneLighting":true,"audioPlay":false,"sceneViewState":{"showFog":true,"showMaterialUpdate":true,"showSkybox":true,"showFlares":true,"showImageEffects":true,"showParticleSystems":true},"in2DMode":false,"pivot":{"x":2.535817861557007,"y":1.916182041168213,"z":-2.811532974243164},"rotation":{"x":0.3450872004032135,"y":-0.028416624292731286,"z":0.010453480295836926,"w":0.9380830526351929},"size":1.6815612316131592,"orthographic":false}