{"cameraMode":{"drawMode":0,"name":"Shaded","section":"Shading Mode"},"sceneLighting":true,"audioPlay":false,"sceneViewState":{"showFog":true,"showMaterialUpdate":true,"showSkybox":true,"showFlares":true,"showImageEffects":true,"showParticleSystems":true},"in2DMode":false,"pivot":{"x":10.276432037353516,"y":-0.4400034248828888,"z":12.289379119873047},"rotation":{"x":-0.19096305966377259,"y":-0.040626682341098788,"z":0.007911412045359612,"w":-0.9807262420654297},"size":8.452441215515137,"orthographic":false}