{"cameraMode":{"drawMode":0,"name":"Shaded","section":"Shading Mode"},"sceneLighting":true,"audioPlay":false,"sceneViewState":{"showFog":true,"showMaterialUpdate":true,"showSkybox":true,"showFlares":true,"showImageEffects":true,"showParticleSystems":true},"in2DMode":false,"pivot":{"x":5.66937255859375,"y":-34.85248947143555,"z":38.121490478515628},"rotation":{"x":-0.2613849937915802,"y":0.13898180425167085,"z":-0.038053497672080997,"w":-0.9544322490692139},"size":111.66252136230469,"orthographic":false}