{"cameraMode":{"drawMode":0,"name":"Shaded","section":"Shading Mode"},"sceneLighting":false,"audioPlay":false,"sceneViewState":{"showFog":true,"showMaterialUpdate":true,"showSkybox":false,"showFlares":true,"showImageEffects":true,"showParticleSystems":true},"in2DMode":false,"pivot":{"x":7.161718368530273,"y":1.9817042350769044,"z":-0.30329275131225588},"rotation":{"x":0.032336704432964328,"y":-0.145803302526474,"z":-0.004763676784932613,"w":-0.9887860417366028},"size":3.0560736656188967,"orthographic":false}