{"cameraMode":{"drawMode":0,"name":"Shaded","section":"Shading Mode"},"sceneLighting":true,"audioPlay":false,"sceneViewState":{"showFog":true,"showMaterialUpdate":true,"showSkybox":true,"showFlares":true,"showImageEffects":true,"showParticleSystems":true},"in2DMode":false,"pivot":{"x":-0.11933857202529907,"y":0.36769866943359377,"z":0.16718578338623048},"rotation":{"x":-0.19096305966377259,"y":-0.040626682341098788,"z":0.007911412045359612,"w":-0.9807262420654297},"size":24.544479370117189,"orthographic":false}