{"cameraMode":{"drawMode":0,"name":"Shaded","section":"Shading Mode"},"sceneLighting":true,"audioPlay":false,"sceneViewState":{"showFog":true,"showMaterialUpdate":true,"showSkybox":true,"showFlares":true,"showImageEffects":true,"showParticleSystems":true},"in2DMode":false,"pivot":{"x":-11.825175285339356,"y":-7.357072830200195,"z":15.21358871459961},"rotation":{"x":-0.23556628823280335,"y":0.17439322173595429,"z":-0.04301024600863457,"w":-0.9551185965538025},"size":13.495786666870118,"orthographic":false}