{"cameraMode":{"drawMode":0,"name":"Shaded","section":"Shading Mode"},"sceneLighting":true,"audioPlay":false,"sceneViewState":{"showFog":true,"showMaterialUpdate":true,"showSkybox":true,"showFlares":true,"showImageEffects":true,"showParticleSystems":true},"in2DMode":false,"pivot":{"x":6.908278465270996,"y":-9.432853698730469,"z":0.5144538879394531},"rotation":{"x":-0.3539385199546814,"y":-0.012065681628882885,"z":0.004567813128232956,"w":-0.9351829290390015},"size":27.653770446777345,"orthographic":false}