{"cameraMode":{"drawMode":0,"name":"Shaded","section":"Shading Mode"},"sceneLighting":true,"audioPlay":false,"sceneViewState":{"showFog":true,"showMaterialUpdate":true,"showSkybox":true,"showFlares":true,"showImageEffects":true,"showParticleSystems":true},"in2DMode":false,"pivot":{"x":7.387465476989746,"y":6.825466156005859,"z":24.275218963623048},"rotation":{"x":-0.28555965423583987,"y":-0.03679102659225464,"z":0.010972443968057633,"w":-0.9575948119163513},"size":26.240888595581056,"orthographic":false}