{"cameraMode":{"drawMode":0,"name":"Shaded","section":"Shading Mode"},"sceneLighting":true,"audioPlay":false,"sceneViewState":{"showFog":true,"showMaterialUpdate":true,"showSkybox":true,"showFlares":true,"showImageEffects":true,"showParticleSystems":true},"in2DMode":false,"pivot":{"x":-160.0172576904297,"y":20.53850555419922,"z":-69.04997253417969},"rotation":{"x":-0.49762940406799319,"y":0.06157049164175987,"z":-0.035435911267995837,"w":-0.8644918203353882},"size":146.40255737304688,"orthographic":false}