{"cameraMode":{"drawMode":0,"name":"Shaded","section":"Shading Mode"},"sceneLighting":true,"audioPlay":false,"sceneViewState":{"showFog":true,"showMaterialUpdate":true,"showSkybox":true,"showFlares":true,"showImageEffects":true,"showParticleSystems":true},"in2DMode":false,"pivot":{"x":9.538069725036621,"y":3.0516815185546877,"z":-9.851922988891602},"rotation":{"x":0.185465469956398,"y":-0.8065097332000732,"z":0.32904303073883059,"w":0.45491155982017519},"size":8.856192588806153,"orthographic":false}