{"cameraMode":{"drawMode":0,"name":"Shaded","section":"Shading Mode"},"sceneLighting":true,"audioPlay":false,"sceneViewState":{"showFog":true,"showMaterialUpdate":true,"showSkybox":true,"showFlares":true,"showImageEffects":true,"showParticleSystems":true},"in2DMode":false,"pivot":{"x":6.789362907409668,"y":1.3121212720870972,"z":-7.4378180503845219},"rotation":{"x":-0.21316197514533997,"y":0.0005849775043316186,"z":-0.00012517509458120912,"w":-0.9770221710205078},"size":3.8445520401000978,"orthographic":false}