{"cameraMode":{"drawMode":0,"name":"Shaded","section":"Shading Mode"},"sceneLighting":true,"audioPlay":false,"sceneViewState":{"showFog":true,"showMaterialUpdate":true,"showSkybox":true,"showFlares":true,"showImageEffects":true,"showParticleSystems":true},"in2DMode":false,"pivot":{"x":8.97406005859375,"y":-4.515071868896484,"z":-6.677165985107422},"rotation":{"x":-0.37876901030540469,"y":0.03801766037940979,"z":-0.015580187551677227,"w":-0.9245858788490295},"size":14.539726257324219,"orthographic":false}