{"cameraMode":{"drawMode":0,"name":"Shaded","section":"Shading Mode"},"sceneLighting":false,"audioPlay":false,"sceneViewState":{"showFog":true,"showMaterialUpdate":true,"showSkybox":false,"showFlares":true,"showImageEffects":true,"showParticleSystems":true},"in2DMode":false,"pivot":{"x":0.004774928092956543,"y":0.14953234791755677,"z":0.1215558648109436},"rotation":{"x":-0.12416940927505493,"y":-0.3624497354030609,"z":0.04879021644592285,"w":-0.922414243221283},"size":0.8686753511428833,"orthographic":false}