{"cameraMode":{"drawMode":0,"name":"Shaded","section":"Shading Mode"},"sceneLighting":true,"audioPlay":false,"sceneViewState":{"showFog":true,"showMaterialUpdate":true,"showSkybox":true,"showFlares":true,"showImageEffects":true,"showParticleSystems":true},"in2DMode":false,"pivot":{"x":9.149999618530274,"y":3.5299999713897707,"z":-10.25},"rotation":{"x":-0.16782063245773316,"y":0.41599148511886599,"z":-0.07841050624847412,"w":-0.8903142809867859},"size":8.234635353088379,"orthographic":false}