{"cameraMode":{"drawMode":0,"name":"Shaded","section":"Shading Mode"},"sceneLighting":true,"audioPlay":false,"sceneViewState":{"showFog":true,"showMaterialUpdate":true,"showSkybox":true,"showFlares":true,"showImageEffects":true,"showParticleSystems":true},"in2DMode":false,"pivot":{"x":-0.10206697881221771,"y":1.147787094116211,"z":-10.41726016998291},"rotation":{"x":0.02218499407172203,"y":0.02009209245443344,"z":0.0004502802330534905,"w":-0.9995637536048889},"size":1.0392307043075562,"orthographic":false}