{"cameraMode":{"drawMode":0,"name":"Shaded","section":"Shading Mode"},"sceneLighting":true,"audioPlay":false,"sceneViewState":{"showFog":true,"showMaterialUpdate":true,"showSkybox":true,"showFlares":true,"showImageEffects":true,"showParticleSystems":true},"in2DMode":false,"pivot":{"x":-13.244192123413086,"y":-21.29677963256836,"z":-46.53050231933594},"rotation":{"x":0.185465469956398,"y":-0.8065097332000732,"z":0.32904303073883059,"w":0.45491155982017519},"size":25.180315017700197,"orthographic":false}