{"cameraMode":{"drawMode":0,"name":"Shaded","section":"Shading Mode"},"sceneLighting":true,"audioPlay":false,"sceneViewState":{"showFog":true,"showMaterialUpdate":true,"showSkybox":true,"showFlares":true,"showImageEffects":true,"showParticleSystems":true},"in2DMode":false,"pivot":{"x":-22.700416564941408,"y":-1.6468205451965333,"z":-14.804791450500489},"rotation":{"x":-0.043705567717552188,"y":-0.06379584968090058,"z":0.0028076337184756996,"w":-0.9970155954360962},"size":74.18618774414063,"orthographic":false}