{"cameraMode":{"drawMode":0,"name":"Shaded","section":"Shading Mode"},"sceneLighting":true,"audioPlay":false,"sceneViewState":{"showFog":true,"showMaterialUpdate":true,"showSkybox":true,"showFlares":true,"showImageEffects":true,"showParticleSystems":true},"in2DMode":false,"pivot":{"x":8.143580436706543,"y":1.78781259059906,"z":-15.215680122375489},"rotation":{"x":-0.0937752053141594,"y":-0.13635596632957459,"z":0.012972211465239525,"w":-0.9861395359039307},"size":0.6281114816665649,"orthographic":false}