{"cameraMode":{"drawMode":0,"name":"Shaded","section":"Shading Mode"},"sceneLighting":true,"audioPlay":false,"sceneViewState":{"showFog":true,"showMaterialUpdate":true,"showSkybox":true,"showFlares":true,"showImageEffects":true,"showParticleSystems":true},"in2DMode":false,"pivot":{"x":-0.8302590847015381,"y":0.000002384185791015625,"z":0.9676413536071777},"rotation":{"x":0.14677686989307404,"y":-0.0029722119215875866,"z":0.0004409270186442882,"w":0.9891656637191773},"size":10.0,"orthographic":false}