{"cameraMode":{"drawMode":0,"name":"Shaded","section":"Shading Mode"},"sceneLighting":true,"audioPlay":false,"sceneViewState":{"showFog":true,"showMaterialUpdate":true,"showSkybox":true,"showFlares":true,"showImageEffects":true,"showParticleSystems":true},"in2DMode":false,"pivot":{"x":17.108997344970704,"y":-16.52197265625,"z":3.316761016845703},"rotation":{"x":-0.36092686653137209,"y":-0.014828559942543507,"z":0.00574051309376955,"w":-0.9324607849121094},"size":27.752948760986329,"orthographic":false}