{"cameraMode":{"drawMode":0,"name":"Shaded","section":"Shading Mode"},"sceneLighting":true,"audioPlay":false,"sceneViewState":{"showFog":true,"showMaterialUpdate":true,"showSkybox":true,"showFlares":true,"showImageEffects":true,"showParticleSystems":true},"in2DMode":false,"pivot":{"x":-149.72999572753907,"y":10.280827522277832,"z":145.9910125732422},"rotation":{"x":-0.38459932804107668,"y":0.013019480742514134,"z":-0.005412589758634567,"w":-0.9229913949966431},"size":6.215412616729736,"orthographic":false}