{"cameraMode":{"drawMode":0,"name":"Shaded","section":"Shading Mode"},"sceneLighting":true,"audioPlay":false,"sceneViewState":{"showFog":true,"showMaterialUpdate":true,"showSkybox":true,"showFlares":true,"showImageEffects":true,"showParticleSystems":true},"in2DMode":false,"pivot":{"x":1.0090147256851197,"y":8.901878356933594,"z":17.899782180786134},"rotation":{"x":-0.24107328057289124,"y":0.7055734395980835,"z":-0.281673789024353,"w":-0.6039440035820007},"size":13.124795913696289,"orthographic":false}