{"cameraMode":{"drawMode":0,"name":"Shaded","section":"Shading Mode"},"sceneLighting":true,"audioPlay":false,"sceneViewState":{"showFog":true,"showMaterialUpdate":true,"showSkybox":true,"showFlares":true,"showImageEffects":true,"showParticleSystems":true},"in2DMode":false,"pivot":{"x":-7.0735063552856449,"y":-8.96418571472168,"z":16.10641860961914},"rotation":{"x":-0.23556628823280335,"y":0.17439322173595429,"z":-0.04301024600863457,"w":-0.9551185965538025},"size":20.2221736907959,"orthographic":false}