{"cameraMode":{"drawMode":0,"name":"Shaded","section":"Shading Mode"},"sceneLighting":true,"audioPlay":false,"sceneViewState":{"showFog":true,"showMaterialUpdate":true,"showSkybox":true,"showFlares":true,"showImageEffects":true,"showParticleSystems":true},"in2DMode":false,"pivot":{"x":-17.506515502929689,"y":-6.926137924194336,"z":10.765641212463379},"rotation":{"x":-0.23799623548984528,"y":0.32367998361587527,"z":-0.08448104560375214,"w":-0.9118427038192749},"size":12.799566268920899,"orthographic":false}