{"cameraMode":{"drawMode":0,"name":"Shaded","section":"Shading Mode"},"sceneLighting":true,"audioPlay":false,"sceneViewState":{"showFog":true,"showMaterialUpdate":true,"showSkybox":true,"showFlares":true,"showImageEffects":true,"showParticleSystems":true},"in2DMode":false,"pivot":{"x":368.3009948730469,"y":24.405040740966798,"z":-175.52975463867188},"rotation":{"x":-0.14203236997127534,"y":-0.06352084130048752,"z":0.009140090085566044,"w":-0.9878002405166626},"size":87.93207550048828,"orthographic":false}