{"cameraMode":{"drawMode":0,"name":"Shaded","section":"Shading Mode"},"sceneLighting":true,"audioPlay":false,"sceneViewState":{"showFog":true,"showMaterialUpdate":true,"showSkybox":true,"showFlares":true,"showImageEffects":true,"showParticleSystems":true},"in2DMode":false,"pivot":{"x":3.6937432289123537,"y":-5.912111282348633,"z":-4.603172302246094},"rotation":{"x":0.37129366397857668,"y":0.06283431500196457,"z":-0.02516225352883339,"w":0.9260699152946472},"size":11.980385780334473,"orthographic":false}