{"cameraMode":{"drawMode":0,"name":"Shaded","section":"Shading Mode"},"sceneLighting":true,"audioPlay":false,"sceneViewState":{"showFog":true,"showMaterialUpdate":true,"showSkybox":true,"showFlares":true,"showImageEffects":true,"showParticleSystems":true},"in2DMode":false,"pivot":{"x":-122.98552703857422,"y":41.964561462402347,"z":-139.98211669921876},"rotation":{"x":-0.4299164414405823,"y":0.12180063873529434,"z":-0.05865103006362915,"w":-0.8927059173583984},"size":63.827064514160159,"orthographic":false}