{"cameraMode":{"drawMode":0,"name":"Shaded","section":"Shading Mode"},"sceneLighting":true,"audioPlay":false,"sceneViewState":{"showFog":true,"showMaterialUpdate":true,"showSkybox":true,"showFlares":true,"showImageEffects":true,"showParticleSystems":true},"in2DMode":false,"pivot":{"x":-6.837026596069336,"y":-4.028002738952637,"z":3.484943389892578},"rotation":{"x":-0.4216649830341339,"y":-0.010337721556425095,"z":0.004809028469026089,"w":-0.9066839218139648},"size":6.306196212768555,"orthographic":false}