{"cameraMode":{"drawMode":0,"name":"Shaded","section":"Shading Mode"},"sceneLighting":true,"audioPlay":false,"sceneViewState":{"showFog":true,"showMaterialUpdate":true,"showSkybox":true,"showFlares":true,"showImageEffects":true,"showParticleSystems":true},"in2DMode":false,"pivot":{"x":-87.06360626220703,"y":10.001981735229493,"z":-88.85462188720703},"rotation":{"x":-0.19208508729934693,"y":-0.4582558274269104,"z":0.10215124487876892,"w":-0.8618046045303345},"size":28.245262145996095,"orthographic":false}