{"cameraMode":{"drawMode":0,"name":"Shaded","section":"Shading Mode"},"sceneLighting":false,"audioPlay":false,"sceneViewState":{"showFog":true,"showMaterialUpdate":true,"showSkybox":false,"showFlares":true,"showImageEffects":true,"showParticleSystems":true},"in2DMode":false,"pivot":{"x":-1.5304839611053467,"y":1.640324592590332,"z":-11.269344329833985},"rotation":{"x":0.020129362121224405,"y":0.2309463918209076,"z":0.00478336913511157,"w":-0.9727590680122376},"size":4.202759265899658,"orthographic":false}