{"cameraMode":{"drawMode":0,"name":"Shaded","section":"Shading Mode"},"sceneLighting":true,"audioPlay":false,"sceneViewState":{"showFog":true,"showMaterialUpdate":true,"showSkybox":true,"showFlares":true,"showImageEffects":true,"showParticleSystems":true},"in2DMode":false,"pivot":{"x":-0.22337374091148377,"y":3.1370279788970949,"z":0.8344407081604004},"rotation":{"x":0.12445845454931259,"y":-0.020839860662817956,"z":0.00261450232937932,"w":0.9920027852058411},"size":4.467068672180176,"orthographic":false}