{"cameraMode":{"drawMode":0,"name":"Shaded","section":"Shading Mode"},"sceneLighting":true,"audioPlay":false,"sceneViewState":{"showFog":true,"showMaterialUpdate":true,"showSkybox":true,"showFlares":true,"showImageEffects":true,"showParticleSystems":true},"in2DMode":false,"pivot":{"x":-199.87548828125,"y":-82.89468383789063,"z":-85.15636444091797},"rotation":{"x":-0.5398732423782349,"y":-0.00833157543092966,"z":0.005350383929908276,"w":-0.8417046070098877},"size":92.9083023071289,"orthographic":false}