{"cameraMode":{"drawMode":0,"name":"Shaded","section":"Shading Mode"},"sceneLighting":true,"audioPlay":false,"sceneViewState":{"showFog":true,"showMaterialUpdate":true,"showSkybox":true,"showFlares":true,"showImageEffects":true,"showParticleSystems":true},"in2DMode":false,"pivot":{"x":-47.645694732666019,"y":-0.5521513223648071,"z":-11.405040740966797},"rotation":{"x":0.07519438117742539,"y":-0.034159351140260699,"z":0.002650286303833127,"w":0.9966137409210205},"size":1.6392207145690919,"orthographic":false}