{"cameraMode":{"drawMode":0,"name":"Shaded","section":"Shading Mode"},"sceneLighting":true,"audioPlay":false,"sceneViewState":{"showFog":true,"showMaterialUpdate":true,"showSkybox":true,"showFlares":true,"showImageEffects":true,"showParticleSystems":true},"in2DMode":false,"pivot":{"x":10.335468292236329,"y":-5.768231391906738,"z":-5.370063781738281},"rotation":{"x":0.37129366397857668,"y":0.06283431500196457,"z":-0.02516225352883339,"w":0.9260699152946472},"size":10.951838493347168,"orthographic":false}