{"cameraMode":{"drawMode":0,"name":"Shaded","section":"Shading Mode"},"sceneLighting":true,"audioPlay":false,"sceneViewState":{"showFog":true,"showMaterialUpdate":true,"showSkybox":true,"showFlares":true,"showImageEffects":true,"showParticleSystems":true},"in2DMode":false,"pivot":{"x":-339.13336181640627,"y":24.372880935668947,"z":123.82856750488281},"rotation":{"x":-0.32124748826026919,"y":-0.5114958882331848,"z":0.21404176950454713,"w":-0.7677231431007385},"size":-0.6566470861434937,"orthographic":false}