{"cameraMode":{"drawMode":0,"name":"Shaded","section":"Shading Mode"},"sceneLighting":true,"audioPlay":false,"sceneViewState":{"showFog":true,"showMaterialUpdate":true,"showSkybox":true,"showFlares":true,"showImageEffects":true,"showParticleSystems":true},"in2DMode":false,"pivot":{"x":8.522623062133789,"y":3.2382028102874758,"z":-4.970073699951172},"rotation":{"x":0.33121368288993838,"y":0.03418293595314026,"z":-0.011993628926575184,"w":0.9428901076316834},"size":32.172325134277347,"orthographic":false}