{"cameraMode":{"drawMode":0,"name":"Shaded","section":"Shading Mode"},"sceneLighting":true,"audioPlay":false,"sceneViewState":{"showFog":true,"showMaterialUpdate":true,"showSkybox":true,"showFlares":true,"showImageEffects":true,"showParticleSystems":true},"in2DMode":false,"pivot":{"x":3.780191421508789,"y":-38.95392608642578,"z":6.5987091064453129},"rotation":{"x":-0.5398732423782349,"y":-0.00833157543092966,"z":0.005350383929908276,"w":-0.8417046070098877},"size":36.62495803833008,"orthographic":false}