{"cameraMode":{"drawMode":0,"name":"Shaded","section":"Shading Mode"},"sceneLighting":true,"audioPlay":false,"sceneViewState":{"showFog":true,"showMaterialUpdate":true,"showSkybox":true,"showFlares":true,"showImageEffects":true,"showParticleSystems":true},"in2DMode":false,"pivot":{"x":-0.3562255799770355,"y":3.5802767276763918,"z":-4.671533107757568},"rotation":{"x":-0.20136013627052308,"y":-0.02438868023455143,"z":0.005015861243009567,"w":-0.9792024493217468},"size":3.1872382164001467,"orthographic":false}