{"cameraMode":{"drawMode":0,"name":"Shaded","section":"Shading Mode"},"sceneLighting":false,"audioPlay":false,"sceneViewState":{"showFog":true,"showMaterialUpdate":true,"showSkybox":false,"showFlares":true,"showImageEffects":true,"showParticleSystems":true},"in2DMode":false,"pivot":{"x":-0.05137276649475098,"y":2.081324338912964,"z":0.1015692949295044},"rotation":{"x":-0.20136013627052308,"y":-0.02438868023455143,"z":0.005015861243009567,"w":-0.9792024493217468},"size":3.6757397651672365,"orthographic":false}