{"cameraMode":{"drawMode":0,"name":"Shaded","section":"Shading Mode"},"sceneLighting":true,"audioPlay":false,"sceneViewState":{"showFog":true,"showMaterialUpdate":true,"showSkybox":true,"showFlares":true,"showImageEffects":true,"showParticleSystems":true},"in2DMode":false,"pivot":{"x":8.00687313079834,"y":2.2364659309387209,"z":-15.01591682434082},"rotation":{"x":-0.40453988313674929,"y":0.09357018023729325,"z":-0.04164634644985199,"w":-0.9087815880775452},"size":3.5784926414489748,"orthographic":false}