{"cameraMode":{"drawMode":0,"name":"Shaded","section":"Shading Mode"},"sceneLighting":true,"audioPlay":false,"sceneViewState":{"showFog":true,"showMaterialUpdate":true,"showSkybox":true,"showFlares":true,"showImageEffects":true,"showParticleSystems":true},"in2DMode":false,"pivot":{"x":0.09869587421417237,"y":0.9470023512840271,"z":-0.001126408576965332},"rotation":{"x":-0.2364443689584732,"y":-0.02856290154159069,"z":0.006954541429877281,"w":-0.9712024331092835},"size":9.084485054016114,"orthographic":false}