{"cameraMode":{"drawMode":0,"name":"Shaded","section":"Shading Mode"},"sceneLighting":true,"audioPlay":false,"sceneViewState":{"showFog":true,"showMaterialUpdate":true,"showSkybox":true,"showFlares":true,"showImageEffects":true,"showParticleSystems":true},"in2DMode":false,"pivot":{"x":-95.16999816894531,"y":3.2150001525878908,"z":-116.5},"rotation":{"x":-0.02730404958128929,"y":-0.00958320964127779,"z":0.0002660684403963387,"w":-0.9996065497398377},"size":722.1688842773438,"orthographic":false}