{"cameraMode":{"drawMode":0,"name":"Shaded","section":"Shading Mode"},"sceneLighting":true,"audioPlay":false,"sceneViewState":{"showFog":true,"showMaterialUpdate":true,"showSkybox":true,"showFlares":true,"showImageEffects":true,"showParticleSystems":true},"in2DMode":false,"pivot":{"x":-7.002999782562256,"y":-0.11999998986721039,"z":0.9909999370574951},"rotation":{"x":-0.28555965423583987,"y":-0.03679102659225464,"z":0.010972443968057633,"w":-0.9575948119163513},"size":4.129546642303467,"orthographic":false}