{"cameraMode":{"drawMode":0,"name":"Shaded","section":"Shading Mode"},"sceneLighting":true,"audioPlay":false,"sceneViewState":{"showFog":true,"showMaterialUpdate":true,"showSkybox":true,"showFlares":true,"showImageEffects":true,"showParticleSystems":true},"in2DMode":false,"pivot":{"x":-95.0,"y":10.100000381469727,"z":-131.0399932861328},"rotation":{"x":-0.40453988313674929,"y":0.09357018023729325,"z":-0.04164634644985199,"w":-0.9087815880775452},"size":2.598078966140747,"orthographic":false}