{"cameraMode":{"drawMode":0,"name":"Shaded","section":"Shading Mode"},"sceneLighting":true,"audioPlay":false,"sceneViewState":{"showFog":true,"showMaterialUpdate":true,"showSkybox":true,"showFlares":true,"showImageEffects":true,"showParticleSystems":true},"in2DMode":false,"pivot":{"x":5.769401550292969,"y":2.1756768226623537,"z":-3.122173309326172},"rotation":{"x":-0.04378538578748703,"y":0.021576376631855966,"z":-0.0009402206051163375,"w":-0.9988206028938294},"size":11.833702087402344,"orthographic":false}