{"cameraMode":{"drawMode":0,"name":"Shaded","section":"Shading Mode"},"sceneLighting":true,"audioPlay":false,"sceneViewState":{"showFog":true,"showMaterialUpdate":true,"showSkybox":true,"showFlares":true,"showImageEffects":true,"showParticleSystems":true},"in2DMode":false,"pivot":{"x":7.0611982345581059,"y":3.8221988677978517,"z":-15.802778244018555},"rotation":{"x":-0.21316197514533997,"y":0.0005849775043316186,"z":-0.00012517509458120912,"w":-0.9770221710205078},"size":3.489023208618164,"orthographic":false}