{"cameraMode":{"drawMode":0,"name":"Shaded","section":"Shading Mode"},"sceneLighting":true,"audioPlay":false,"sceneViewState":{"showFog":true,"showMaterialUpdate":true,"showSkybox":true,"showFlares":true,"showImageEffects":true,"showParticleSystems":true},"in2DMode":false,"pivot":{"x":-0.18340706825256349,"y":2.530325412750244,"z":-2.2477827072143556},"rotation":{"x":-0.4234699308872223,"y":0.40725916624069216,"z":-0.22159209847450257,"w":-0.7782785892486572},"size":19.326465606689454,"orthographic":false}