{"cameraMode":{"drawMode":0,"name":"Shaded","section":"Shading Mode"},"sceneLighting":false,"audioPlay":false,"sceneViewState":{"showFog":true,"showMaterialUpdate":true,"showSkybox":false,"showFlares":true,"showImageEffects":true,"showParticleSystems":true},"in2DMode":false,"pivot":{"x":-8.147684097290039,"y":2.0707008838653566,"z":3.5399999618530275},"rotation":{"x":-0.12416940927505493,"y":-0.3624497354030609,"z":0.04879021644592285,"w":-0.922414243221283},"size":4.309458255767822,"orthographic":false}