{"cameraMode":{"drawMode":0,"name":"Shaded","section":"Shading Mode"},"sceneLighting":true,"audioPlay":false,"sceneViewState":{"showFog":true,"showMaterialUpdate":true,"showSkybox":true,"showFlares":true,"showImageEffects":true,"showParticleSystems":true},"in2DMode":false,"pivot":{"x":0.16153907775878907,"y":-19.301300048828126,"z":0.14768028259277345},"rotation":{"x":-0.02845807559788227,"y":-0.15471340715885163,"z":0.004459460731595755,"w":-0.987543523311615},"size":35.89472961425781,"orthographic":false}