{"cameraMode":{"drawMode":0,"name":"Shaded","section":"Shading Mode"},"sceneLighting":true,"audioPlay":false,"sceneViewState":{"showFog":true,"showMaterialUpdate":true,"showSkybox":true,"showFlares":true,"showImageEffects":true,"showParticleSystems":true},"in2DMode":false,"pivot":{"x":8.891264915466309,"y":3.6190185546875,"z":-13.740533828735352},"rotation":{"x":-0.1853514313697815,"y":-0.29074931144714358,"z":0.057519491761922839,"w":-0.936919629573822},"size":6.503901481628418,"orthographic":false}