{"cameraMode":{"drawMode":0,"name":"Shaded","section":"Shading Mode"},"sceneLighting":true,"audioPlay":false,"sceneViewState":{"showFog":true,"showMaterialUpdate":true,"showSkybox":true,"showFlares":true,"showImageEffects":true,"showParticleSystems":true},"in2DMode":false,"pivot":{"x":-2.7151851654052736,"y":3.2216458320617677,"z":-2.9477996826171877},"rotation":{"x":-0.013806947506964207,"y":-0.015899579972028734,"z":0.00022460884065367281,"w":-0.9997921586036682},"size":7.249520778656006,"orthographic":false}