{"cameraMode":{"drawMode":0,"name":"Shaded","section":"Shading Mode"},"sceneLighting":true,"audioPlay":false,"sceneViewState":{"showFog":true,"showMaterialUpdate":true,"showSkybox":true,"showFlares":true,"showImageEffects":true,"showParticleSystems":true},"in2DMode":false,"pivot":{"x":-0.09190286695957184,"y":0.8604006767272949,"z":2.9749631881713869},"rotation":{"x":0.14677686989307404,"y":-0.0029722119215875866,"z":0.0004409270186442882,"w":0.9891656637191773},"size":5.915576457977295,"orthographic":false}