{"cameraMode":{"drawMode":0,"name":"Shaded","section":"Shading Mode"},"sceneLighting":true,"audioPlay":false,"sceneViewState":{"showFog":true,"showMaterialUpdate":true,"showSkybox":true,"showFlares":true,"showImageEffects":true,"showParticleSystems":true},"in2DMode":false,"pivot":{"x":-1.8680109977722169,"y":3.3479247093200685,"z":-2.021681308746338},"rotation":{"x":-0.0023279711604118349,"y":0.9971365928649902,"z":-0.06771817803382874,"w":-0.03411104157567024},"size":11.258848190307618,"orthographic":false}