{"cameraMode":{"drawMode":0,"name":"Shaded","section":"Shading Mode"},"sceneLighting":true,"audioPlay":false,"sceneViewState":{"showFog":true,"showMaterialUpdate":true,"showSkybox":true,"showFlares":true,"showImageEffects":true,"showParticleSystems":true},"in2DMode":false,"pivot":{"x":1.9308440685272217,"y":2.00716495513916,"z":2.422168731689453},"rotation":{"x":-0.231659397482872,"y":0.06473232060670853,"z":-0.015446662902832032,"w":-0.9705309867858887},"size":11.756145477294922,"orthographic":false}