{"cameraMode":{"drawMode":0,"name":"Shaded","section":"Shading Mode"},"sceneLighting":true,"audioPlay":false,"sceneViewState":{"showFog":true,"showMaterialUpdate":true,"showSkybox":true,"showFlares":true,"showImageEffects":true,"showParticleSystems":true},"in2DMode":false,"pivot":{"x":-48.188079833984378,"y":1.2935644388198853,"z":-21.95865821838379},"rotation":{"x":-0.37074044346809389,"y":0.00613397778943181,"z":-0.002436230890452862,"w":-0.9287285804748535},"size":10.0,"orthographic":false}