{"cameraMode":{"drawMode":0,"name":"Shaded","section":"Shading Mode"},"sceneLighting":true,"audioPlay":false,"sceneViewState":{"showFog":true,"showMaterialUpdate":true,"showSkybox":true,"showFlares":true,"showImageEffects":true,"showParticleSystems":true},"in2DMode":false,"pivot":{"x":-95.16999816894531,"y":3.2150001525878908,"z":-116.5},"rotation":{"x":-0.08743081986904144,"y":-0.8901269435882568,"z":0.19280165433883668,"w":-0.40361613035202029},"size":9.855387687683106,"orthographic":false}