{"cameraMode":{"drawMode":0,"name":"Shaded","section":"Shading Mode"},"sceneLighting":true,"audioPlay":false,"sceneViewState":{"showFog":true,"showMaterialUpdate":true,"showSkybox":true,"showFlares":true,"showImageEffects":true,"showParticleSystems":true},"in2DMode":false,"pivot":{"x":-87.9170913696289,"y":17.187103271484376,"z":-125.66847229003906},"rotation":{"x":-0.25819894671440127,"y":0.5367562174797058,"z":-0.17686274647712708,"w":-0.7835637927055359},"size":3.4068491458892824,"orthographic":false}