{"cameraMode":{"drawMode":0,"name":"Shaded","section":"Shading Mode"},"sceneLighting":true,"audioPlay":false,"sceneViewState":{"showFog":true,"showMaterialUpdate":true,"showSkybox":true,"showFlares":true,"showImageEffects":true,"showParticleSystems":true},"in2DMode":false,"pivot":{"x":9.053229331970215,"y":1.8948004245758057,"z":-14.879035949707032},"rotation":{"x":-0.23492346704006196,"y":0.15579482913017274,"z":-0.038175977766513827,"w":-0.958697497844696},"size":1.2247450351715088,"orthographic":false}