{"cameraMode":{"drawMode":0,"name":"Shaded","section":"Shading Mode"},"sceneLighting":true,"audioPlay":false,"sceneViewState":{"showFog":true,"showMaterialUpdate":true,"showSkybox":true,"showFlares":true,"showImageEffects":true,"showParticleSystems":true},"in2DMode":false,"pivot":{"x":-0.7999999523162842,"y":0.8365906476974487,"z":-0.8593119978904724},"rotation":{"x":-0.40880802273750307,"y":0.049795038998126987,"z":-0.022332526743412019,"w":-0.9110031127929688},"size":11.357637405395508,"orthographic":false}