{"cameraMode":{"drawMode":0,"name":"Shaded","section":"Shading Mode"},"sceneLighting":true,"audioPlay":false,"sceneViewState":{"showFog":true,"showMaterialUpdate":true,"showSkybox":true,"showFlares":true,"showImageEffects":true,"showParticleSystems":true},"in2DMode":false,"pivot":{"x":0.9334588050842285,"y":1.6286804676055909,"z":-10.065031051635743},"rotation":{"x":0.03417785093188286,"y":-0.020388836041092874,"z":-0.0006930145318619907,"w":-0.9992197155952454},"size":4.432442665100098,"orthographic":false}