{"cameraMode":{"drawMode":0,"name":"Shaded","section":"Shading Mode"},"sceneLighting":true,"audioPlay":false,"sceneViewState":{"showFog":true,"showMaterialUpdate":true,"showSkybox":true,"showFlares":true,"showImageEffects":true,"showParticleSystems":true},"in2DMode":false,"pivot":{"x":644.12158203125,"y":142.65316772460938,"z":-390.3974609375},"rotation":{"x":-0.0013055764138698578,"y":0.998703122138977,"z":-0.039276909083127978,"w":-0.03298304229974747},"size":390.56036376953127,"orthographic":false}