{"cameraMode":{"drawMode":0,"name":"Shaded","section":"Shading Mode"},"sceneLighting":true,"audioPlay":false,"sceneViewState":{"showFog":true,"showMaterialUpdate":true,"showSkybox":true,"showFlares":true,"showImageEffects":true,"showParticleSystems":true},"in2DMode":false,"pivot":{"x":11.580157279968262,"y":5.209578514099121,"z":-0.20548057556152345},"rotation":{"x":-0.08264491707086563,"y":0.04094506427645683,"z":-0.003403414972126484,"w":-0.9957384467124939},"size":10.584695816040039,"orthographic":false}