{"cameraMode":{"drawMode":0,"name":"Shaded","section":"Shading Mode"},"sceneLighting":false,"audioPlay":false,"sceneViewState":{"showFog":true,"showMaterialUpdate":true,"showSkybox":false,"showFlares":true,"showImageEffects":true,"showParticleSystems":true},"in2DMode":false,"pivot":{"x":0.2676568031311035,"y":1.6700000762939454,"z":-11.859999656677246},"rotation":{"x":0.37129366397857668,"y":0.06283431500196457,"z":-0.02516225352883339,"w":0.9260699152946472},"size":5.6660261154174809,"orthographic":false}