{"cameraMode":{"drawMode":0,"name":"Shaded","section":"Shading Mode"},"sceneLighting":true,"audioPlay":false,"sceneViewState":{"showFog":true,"showMaterialUpdate":true,"showSkybox":true,"showFlares":true,"showImageEffects":true,"showParticleSystems":true},"in2DMode":false,"pivot":{"x":9.704493522644043,"y":0.8811533451080322,"z":-13.847801208496094},"rotation":{"x":-0.18049181997776032,"y":-0.05838850885629654,"z":0.010735672898590565,"w":-0.9817934036254883},"size":5.7287187576293949,"orthographic":false}