{"cameraMode":{"drawMode":0,"name":"Shaded","section":"Shading Mode"},"sceneLighting":true,"audioPlay":false,"sceneViewState":{"showFog":true,"showMaterialUpdate":true,"showSkybox":true,"showFlares":true,"showImageEffects":true,"showParticleSystems":true},"in2DMode":false,"pivot":{"x":9.0,"y":1.8633744716644288,"z":-15.029312133789063},"rotation":{"x":-0.324184387922287,"y":-0.029222888872027398,"z":0.010033315978944302,"w":-0.9455030560493469},"size":10.55337905883789,"orthographic":false}