{"cameraMode":{"drawMode":0,"name":"Shaded","section":"Shading Mode"},"sceneLighting":true,"audioPlay":false,"sceneViewState":{"showFog":true,"showMaterialUpdate":true,"showSkybox":true,"showFlares":true,"showImageEffects":true,"showParticleSystems":true},"in2DMode":false,"pivot":{"x":-14.566146850585938,"y":-6.6452226638793949,"z":7.817168235778809},"rotation":{"x":-0.2343299239873886,"y":0.4621025323867798,"z":-0.1280432492494583,"w":-0.8456743955612183},"size":11.60399055480957,"orthographic":false}