{"cameraMode":{"drawMode":0,"name":"Shaded","section":"Shading Mode"},"sceneLighting":false,"audioPlay":false,"sceneViewState":{"showFog":true,"showMaterialUpdate":true,"showSkybox":false,"showFlares":true,"showImageEffects":true,"showParticleSystems":true},"in2DMode":false,"pivot":{"x":1.6383275985717774,"y":1.0600000619888306,"z":-2.794862985610962},"rotation":{"x":0.6177923679351807,"y":-0.07260031253099442,"z":0.057414062321186069,"w":0.7808977961540222},"size":1.0392311811447144,"orthographic":false}