{"cameraMode":{"drawMode":0,"name":"Shaded","section":"Shading Mode"},"sceneLighting":true,"audioPlay":false,"sceneViewState":{"showFog":true,"showMaterialUpdate":true,"showSkybox":true,"showFlares":true,"showImageEffects":true,"showParticleSystems":true},"in2DMode":false,"pivot":{"x":-6.8557844161987309,"y":-8.770007133483887,"z":16.244945526123048},"rotation":{"x":-0.21855328977108003,"y":0.22934193909168244,"z":-0.05292632803320885,"w":-0.9470170140266419},"size":25.855562210083009,"orthographic":false}