{"cameraMode":{"drawMode":0,"name":"Shaded","section":"Shading Mode"},"sceneLighting":true,"audioPlay":false,"sceneViewState":{"showFog":true,"showMaterialUpdate":true,"showSkybox":true,"showFlares":true,"showImageEffects":true,"showParticleSystems":true},"in2DMode":false,"pivot":{"x":2.0201358795166017,"y":-3.396299362182617,"z":-3.7823410034179689},"rotation":{"x":-0.32858964800834658,"y":-0.0022674473002552988,"z":0.0007918816991150379,"w":-0.9444764256477356},"size":7.719594955444336,"orthographic":false}