{"cameraMode":{"drawMode":0,"name":"Shaded","section":"Shading Mode"},"sceneLighting":true,"audioPlay":false,"sceneViewState":{"showFog":true,"showMaterialUpdate":true,"showSkybox":true,"showFlares":true,"showImageEffects":true,"showParticleSystems":true},"in2DMode":false,"pivot":{"x":6.907061576843262,"y":1.687608242034912,"z":-13.204843521118164},"rotation":{"x":-0.18049181997776032,"y":-0.05838850885629654,"z":0.010735672898590565,"w":-0.9817934036254883},"size":8.422032356262207,"orthographic":false}