{"cameraMode":{"drawMode":0,"name":"Shaded","section":"Shading Mode"},"sceneLighting":false,"audioPlay":false,"sceneViewState":{"showFog":true,"showMaterialUpdate":true,"showSkybox":false,"showFlares":true,"showImageEffects":true,"showParticleSystems":true},"in2DMode":false,"pivot":{"x":5.650000095367432,"y":2.0,"z":-0.04999995231628418},"rotation":{"x":0.020129362121224405,"y":0.2309463918209076,"z":0.00478336913511157,"w":-0.9727590680122376},"size":3.0560736656188967,"orthographic":false}