{"cameraMode":{"drawMode":0,"name":"Shaded","section":"Shading Mode"},"sceneLighting":false,"audioPlay":false,"sceneViewState":{"showFog":true,"showMaterialUpdate":true,"showSkybox":false,"showFlares":true,"showImageEffects":true,"showParticleSystems":true},"in2DMode":false,"pivot":{"x":4.9874958992004398,"y":0.36517953872680666,"z":-0.21530449390411378},"rotation":{"x":-0.33420035243034365,"y":-0.016399674117565156,"z":0.005817419849336147,"w":-0.942345142364502},"size":1.9589208364486695,"orthographic":false}