{"cameraMode":{"drawMode":0,"name":"Shaded","section":"Shading Mode"},"sceneLighting":false,"audioPlay":false,"sceneViewState":{"showFog":true,"showMaterialUpdate":true,"showSkybox":false,"showFlares":true,"showImageEffects":true,"showParticleSystems":true},"in2DMode":false,"pivot":{"x":-0.1370232105255127,"y":0.3424856960773468,"z":-0.8755013942718506},"rotation":{"x":-0.23882780969142915,"y":-0.507804274559021,"z":0.14893211424350739,"w":-0.814217209815979},"size":4.116049766540527,"orthographic":false}