{"cameraMode":{"drawMode":0,"name":"Shaded","section":"Shading Mode"},"sceneLighting":true,"audioPlay":false,"sceneViewState":{"showFog":true,"showMaterialUpdate":true,"showSkybox":true,"showFlares":true,"showImageEffects":true,"showParticleSystems":true},"in2DMode":false,"pivot":{"x":5.582672595977783,"y":-10.587013244628907,"z":17.01134490966797},"rotation":{"x":-0.23737172782421113,"y":-0.07074400782585144,"z":0.017336810007691385,"w":-0.9686872959136963},"size":24.161865234375,"orthographic":false}