{"cameraMode":{"drawMode":0,"name":"Shaded","section":"Shading Mode"},"sceneLighting":true,"audioPlay":false,"sceneViewState":{"showFog":true,"showMaterialUpdate":true,"showSkybox":true,"showFlares":true,"showImageEffects":true,"showParticleSystems":true},"in2DMode":false,"pivot":{"x":4.121616363525391,"y":-1.5925655364990235,"z":-5.604280471801758},"rotation":{"x":-0.15305396914482118,"y":0.25964006781578066,"z":-0.041715219616889957,"w":-0.952589750289917},"size":16.726951599121095,"orthographic":false}