{"cameraMode":{"drawMode":0,"name":"Shaded","section":"Shading Mode"},"sceneLighting":true,"audioPlay":false,"sceneViewState":{"showFog":true,"showMaterialUpdate":true,"showSkybox":true,"showFlares":true,"showImageEffects":true,"showParticleSystems":true},"in2DMode":false,"pivot":{"x":-0.18340706825256349,"y":2.530325412750244,"z":-2.2477827072143556},"rotation":{"x":-0.2052358239889145,"y":-0.07420496642589569,"z":0.01560848020017147,"w":-0.9757729172706604},"size":5.846563816070557,"orthographic":false}