{"cameraMode":{"drawMode":0,"name":"Shaded","section":"Shading Mode"},"sceneLighting":true,"audioPlay":false,"sceneViewState":{"showFog":true,"showMaterialUpdate":true,"showSkybox":true,"showFlares":true,"showImageEffects":true,"showParticleSystems":true},"in2DMode":false,"pivot":{"x":10.167669296264649,"y":15.392168045043946,"z":17.746232986450197},"rotation":{"x":-0.19096305966377259,"y":-0.040626682341098788,"z":0.007911412045359612,"w":-0.9807262420654297},"size":22.701725006103517,"orthographic":false}