{"cameraMode":{"drawMode":0,"name":"Shaded","section":"Shading Mode"},"sceneLighting":true,"audioPlay":false,"sceneViewState":{"showFog":true,"showMaterialUpdate":true,"showSkybox":true,"showFlares":true,"showImageEffects":true,"showParticleSystems":true},"in2DMode":false,"pivot":{"x":0.6669530272483826,"y":1.623840570449829,"z":2.8107433319091799},"rotation":{"x":0.16303116083145142,"y":0.023671802133321763,"z":-0.003912793938070536,"w":0.9863296151161194},"size":7.803905010223389,"orthographic":false}