{"cameraMode":{"drawMode":0,"name":"Shaded","section":"Shading Mode"},"sceneLighting":true,"audioPlay":false,"sceneViewState":{"showFog":true,"showMaterialUpdate":true,"showSkybox":true,"showFlares":true,"showImageEffects":true,"showParticleSystems":true},"in2DMode":false,"pivot":{"x":6.3027849197387699,"y":1.1045355796813965,"z":-14.802059173583985},"rotation":{"x":-0.15942053496837617,"y":0.3490561246871948,"z":-0.060386285185813907,"w":-0.9214765429496765},"size":1.700153112411499,"orthographic":false}