{"cameraMode":{"drawMode":0,"name":"Shaded","section":"Shading Mode"},"sceneLighting":true,"audioPlay":false,"sceneViewState":{"showFog":true,"showMaterialUpdate":true,"showSkybox":true,"showFlares":true,"showImageEffects":true,"showParticleSystems":true},"in2DMode":false,"pivot":{"x":-14.963415145874024,"y":-8.438980102539063,"z":12.019184112548829},"rotation":{"x":-0.2625860869884491,"y":0.3781166672706604,"z":-0.11275489628314972,"w":-0.8805519342422485},"size":15.668156623840332,"orthographic":false}