{"cameraMode":{"drawMode":0,"name":"Shaded","section":"Shading Mode"},"sceneLighting":false,"audioPlay":false,"sceneViewState":{"showFog":true,"showMaterialUpdate":true,"showSkybox":false,"showFlares":true,"showImageEffects":true,"showParticleSystems":true},"in2DMode":false,"pivot":{"x":-8.84000015258789,"y":0.550000011920929,"z":0.0006417076801881194},"rotation":{"x":0.0766870453953743,"y":0.03612365573644638,"z":-0.002751632360741496,"w":0.996419370174408},"size":10.0,"orthographic":false}