{"cameraMode":{"drawMode":0,"name":"Shaded","section":"Shading Mode"},"sceneLighting":true,"audioPlay":false,"sceneViewState":{"showFog":true,"showMaterialUpdate":true,"showSkybox":true,"showFlares":true,"showImageEffects":true,"showParticleSystems":true},"in2DMode":false,"pivot":{"x":1.157977819442749,"y":4.104745864868164,"z":3.0030393600463869},"rotation":{"x":-0.09111141413450241,"y":0.11089951545000076,"z":-0.01020517572760582,"w":-0.9896066188812256},"size":6.640740394592285,"orthographic":false}