{"cameraMode":{"drawMode":0,"name":"Shaded","section":"Shading Mode"},"sceneLighting":true,"audioPlay":false,"sceneViewState":{"showFog":true,"showMaterialUpdate":true,"showSkybox":true,"showFlares":true,"showImageEffects":true,"showParticleSystems":true},"in2DMode":false,"pivot":{"x":3.4930009841918947,"y":-0.23572473227977754,"z":-3.75710129737854},"rotation":{"x":0.17973287403583527,"y":-0.10724698752164841,"z":0.019747037440538408,"w":0.9776758551597595},"size":8.59277629852295,"orthographic":false}