{"cameraMode":{"drawMode":0,"name":"Shaded","section":"Shading Mode"},"sceneLighting":true,"audioPlay":false,"sceneViewState":{"showFog":true,"showMaterialUpdate":true,"showSkybox":true,"showFlares":true,"showImageEffects":true,"showParticleSystems":true},"in2DMode":false,"pivot":{"x":1092.19580078125,"y":312.4918518066406,"z":-23.356964111328126},"rotation":{"x":0.0766870453953743,"y":0.03612365573644638,"z":-0.002751632360741496,"w":0.996419370174408},"size":350.3942565917969,"orthographic":false}