{"cameraMode":{"drawMode":0,"name":"Shaded","section":"Shading Mode"},"sceneLighting":true,"audioPlay":false,"sceneViewState":{"showFog":true,"showMaterialUpdate":true,"showSkybox":true,"showFlares":true,"showImageEffects":true,"showParticleSystems":true},"in2DMode":false,"pivot":{"x":-7.9320526123046879,"y":-7.163252830505371,"z":16.996047973632814},"rotation":{"x":-0.2043045312166214,"y":0.16560298204421998,"z":-0.03508961200714111,"w":-0.9641628265380859},"size":15.001018524169922,"orthographic":false}