{"cameraMode":{"drawMode":0,"name":"Shaded","section":"Shading Mode"},"sceneLighting":true,"audioPlay":false,"sceneViewState":{"showFog":true,"showMaterialUpdate":true,"showSkybox":true,"showFlares":true,"showImageEffects":true,"showParticleSystems":true},"in2DMode":false,"pivot":{"x":5.093942165374756,"y":-0.678621768951416,"z":-0.7422535419464111},"rotation":{"x":-0.09993710368871689,"y":-0.8999411463737488,"z":0.3085617423057556,"w":-0.2914641201496124},"size":6.88374137878418,"orthographic":false}