{"cameraMode":{"drawMode":0,"name":"Shaded","section":"Shading Mode"},"sceneLighting":true,"audioPlay":false,"sceneViewState":{"showFog":true,"showMaterialUpdate":true,"showSkybox":true,"showFlares":true,"showImageEffects":true,"showParticleSystems":true},"in2DMode":false,"pivot":{"x":0.9334588050842285,"y":1.6286804676055909,"z":-10.065031051635743},"rotation":{"x":-0.013682663440704346,"y":0.135172039270401,"z":-0.0018611366394907237,"w":-0.9907390475273132},"size":1.524744987487793,"orthographic":false}