{"cameraMode":{"drawMode":0,"name":"Shaded","section":"Shading Mode"},"sceneLighting":true,"audioPlay":false,"sceneViewState":{"showFog":true,"showMaterialUpdate":true,"showSkybox":true,"showFlares":true,"showImageEffects":true,"showParticleSystems":true},"in2DMode":false,"pivot":{"x":3.074002742767334,"y":1.2441043853759766,"z":-16.586719512939454},"rotation":{"x":-0.18864166736602784,"y":0.19793102145195008,"z":-0.03884660825133324,"w":-0.9611188173294067},"size":10.196487426757813,"orthographic":false}