{"cameraMode":{"drawMode":0,"name":"Shaded","section":"Shading Mode"},"sceneLighting":true,"audioPlay":false,"sceneViewState":{"showFog":true,"showMaterialUpdate":true,"showSkybox":true,"showFlares":true,"showImageEffects":true,"showParticleSystems":true},"in2DMode":false,"pivot":{"x":-95.3499984741211,"y":18.06999969482422,"z":-124.02999877929688},"rotation":{"x":-0.37074044346809389,"y":0.00613397778943181,"z":-0.002436230890452862,"w":-0.9287285804748535},"size":11.860469818115235,"orthographic":false}