{"cameraMode":{"drawMode":0,"name":"Shaded","section":"Shading Mode"},"sceneLighting":true,"audioPlay":false,"sceneViewState":{"showFog":true,"showMaterialUpdate":true,"showSkybox":true,"showFlares":true,"showImageEffects":true,"showParticleSystems":true},"in2DMode":false,"pivot":{"x":10.396673202514649,"y":-3.540097236633301,"z":-19.57272720336914},"rotation":{"x":-0.30997776985168459,"y":-0.027947353199124337,"z":0.009119288995862008,"w":-0.950294017791748},"size":8.414072036743164,"orthographic":false}