{"cameraMode":{"drawMode":0,"name":"Shaded","section":"Shading Mode"},"sceneLighting":true,"audioPlay":false,"sceneViewState":{"showFog":true,"showMaterialUpdate":true,"showSkybox":true,"showFlares":true,"showImageEffects":true,"showParticleSystems":true},"in2DMode":false,"pivot":{"x":944.0091552734375,"y":396.00506591796877,"z":0.0},"rotation":{"x":-0.02730404958128929,"y":-0.00958320964127779,"z":0.0002660684403963387,"w":-0.9996065497398377},"size":420.1461486816406,"orthographic":false}