{"cameraMode":{"drawMode":0,"name":"Shaded","section":"Shading Mode"},"sceneLighting":true,"audioPlay":false,"sceneViewState":{"showFog":true,"showMaterialUpdate":true,"showSkybox":true,"showFlares":true,"showImageEffects":true,"showParticleSystems":true},"in2DMode":false,"pivot":{"x":-147.3000030517578,"y":0.012499809265136719,"z":-101.19999694824219},"rotation":{"x":-0.41621121764183047,"y":0.0125357024371624,"z":-0.005727820564061403,"w":-0.9091856479644775},"size":28.002397537231447,"orthographic":false}