{"cameraMode":{"drawMode":0,"name":"Shaded","section":"Shading Mode"},"sceneLighting":true,"audioPlay":false,"sceneViewState":{"showFog":true,"showMaterialUpdate":true,"showSkybox":true,"showFlares":true,"showImageEffects":true,"showParticleSystems":true},"in2DMode":false,"pivot":{"x":-95.0,"y":5.570000171661377,"z":-123.13999938964844},"rotation":{"x":-0.04328092932701111,"y":0.6540132164955139,"z":-0.03751661628484726,"w":-0.7543378472328186},"size":11.190199851989746,"orthographic":false}