{"cameraMode":{"drawMode":0,"name":"Shaded","section":"Shading Mode"},"sceneLighting":true,"audioPlay":false,"sceneViewState":{"showFog":true,"showMaterialUpdate":true,"showSkybox":true,"showFlares":true,"showImageEffects":true,"showParticleSystems":true},"in2DMode":false,"pivot":{"x":-15.282800674438477,"y":-8.274310111999512,"z":4.890101432800293},"rotation":{"x":-0.2343299239873886,"y":0.4621025323867798,"z":-0.1280432492494583,"w":-0.8456743955612183},"size":10.242064476013184,"orthographic":false}