{"cameraMode":{"drawMode":0,"name":"Shaded","section":"Shading Mode"},"sceneLighting":true,"audioPlay":false,"sceneViewState":{"showFog":true,"showMaterialUpdate":true,"showSkybox":true,"showFlares":true,"showImageEffects":true,"showParticleSystems":true},"in2DMode":false,"pivot":{"x":7.864301681518555,"y":1.4323443174362183,"z":-14.357402801513672},"rotation":{"x":0.10077078640460968,"y":-0.1616906374692917,"z":0.01663391850888729,"w":0.9815655946731567},"size":7.827421188354492,"orthographic":false}