{"cameraMode":{"drawMode":0,"name":"Shaded","section":"Shading Mode"},"sceneLighting":false,"audioPlay":false,"sceneViewState":{"showFog":true,"showMaterialUpdate":true,"showSkybox":false,"showFlares":true,"showImageEffects":true,"showParticleSystems":true},"in2DMode":false,"pivot":{"x":1.4417037963867188,"y":-0.308394193649292,"z":-3.436594009399414},"rotation":{"x":0.009727953001856804,"y":0.9885689616203308,"z":-0.13156527280807496,"w":0.07309091836214066},"size":3.1286842823028566,"orthographic":false}