{"cameraMode":{"drawMode":0,"name":"Shaded","section":"Shading Mode"},"sceneLighting":true,"audioPlay":false,"sceneViewState":{"showFog":true,"showMaterialUpdate":true,"showSkybox":true,"showFlares":true,"showImageEffects":true,"showParticleSystems":true},"in2DMode":false,"pivot":{"x":8.730618476867676,"y":1.799039363861084,"z":-15.101716995239258},"rotation":{"x":-0.1936519891023636,"y":0.21493977308273316,"z":-0.04352773725986481,"w":-0.9562532901763916},"size":1.5170848369598389,"orthographic":false}