{"cameraMode":{"drawMode":0,"name":"Shaded","section":"Shading Mode"},"sceneLighting":true,"audioPlay":false,"sceneViewState":{"showFog":true,"showMaterialUpdate":true,"showSkybox":true,"showFlares":true,"showImageEffects":true,"showParticleSystems":true},"in2DMode":false,"pivot":{"x":1.3556585311889649,"y":2.7810349464416506,"z":-11.447877883911133},"rotation":{"x":-0.03179989010095596,"y":-0.015892919152975084,"z":0.0005085807060822845,"w":-0.9993721842765808},"size":2.01562237739563,"orthographic":false}