{"cameraMode":{"drawMode":0,"name":"Shaded","section":"Shading Mode"},"sceneLighting":false,"audioPlay":false,"sceneViewState":{"showFog":true,"showMaterialUpdate":true,"showSkybox":false,"showFlares":true,"showImageEffects":true,"showParticleSystems":true},"in2DMode":false,"pivot":{"x":0.005279541015625,"y":0.7095296382904053,"z":-0.0977853536605835},"rotation":{"x":-0.2625860869884491,"y":0.3781166672706604,"z":-0.11275489628314972,"w":-0.8805519342422485},"size":1.939874529838562,"orthographic":false}