{"cameraMode":{"drawMode":0,"name":"Shaded","section":"Shading Mode"},"sceneLighting":true,"audioPlay":false,"sceneViewState":{"showFog":true,"showMaterialUpdate":true,"showSkybox":true,"showFlares":true,"showImageEffects":true,"showParticleSystems":true},"in2DMode":false,"pivot":{"x":-4.242831707000732,"y":4.954768657684326,"z":-19.271352767944337},"rotation":{"x":-0.129562109708786,"y":0.1868205964565277,"z":-0.02485673502087593,"w":-0.9735096096992493},"size":9.028237342834473,"orthographic":false}