{"cameraMode":{"drawMode":0,"name":"Shaded","section":"Shading Mode"},"sceneLighting":true,"audioPlay":false,"sceneViewState":{"showFog":true,"showMaterialUpdate":true,"showSkybox":true,"showFlares":true,"showImageEffects":true,"showParticleSystems":true},"in2DMode":false,"pivot":{"x":8.785514831542969,"y":1.1584687232971192,"z":-15.107053756713868},"rotation":{"x":-0.5398732423782349,"y":-0.00833157543092966,"z":0.005350383929908276,"w":-0.8417046070098877},"size":3.9006905555725099,"orthographic":false}