{"cameraMode":{"drawMode":0,"name":"Shaded","section":"Shading Mode"},"sceneLighting":true,"audioPlay":false,"sceneViewState":{"showFog":true,"showMaterialUpdate":true,"showSkybox":true,"showFlares":true,"showImageEffects":true,"showParticleSystems":true},"in2DMode":false,"pivot":{"x":8.999719619750977,"y":1.863511323928833,"z":-15.019211769104004},"rotation":{"x":-0.2683490216732025,"y":-0.029762335121631624,"z":0.008296367712318898,"w":-0.9628370404243469},"size":2.7135419845581056,"orthographic":false}