{"cameraMode":{"drawMode":0,"name":"Shaded","section":"Shading Mode"},"sceneLighting":true,"audioPlay":false,"sceneViewState":{"showFog":true,"showMaterialUpdate":true,"showSkybox":true,"showFlares":true,"showImageEffects":true,"showParticleSystems":true},"in2DMode":false,"pivot":{"x":0.4801652431488037,"y":4.668186664581299,"z":-8.247092247009278},"rotation":{"x":-0.15305396914482118,"y":0.25964006781578066,"z":-0.041715219616889957,"w":-0.952589750289917},"size":1.8928663730621338,"orthographic":false}