{"cameraMode":{"drawMode":0,"name":"Shaded","section":"Shading Mode"},"sceneLighting":true,"audioPlay":false,"sceneViewState":{"showFog":true,"showMaterialUpdate":true,"showSkybox":true,"showFlares":true,"showImageEffects":true,"showParticleSystems":true},"in2DMode":false,"pivot":{"x":391.57135009765627,"y":187.45079040527345,"z":-68.16825103759766},"rotation":{"x":-0.0005954787484370172,"y":0.9965481162071228,"z":-0.08271285146474838,"w":-0.007174331694841385},"size":346.18621826171877,"orthographic":false}