{"cameraMode":{"drawMode":0,"name":"Shaded","section":"Shading Mode"},"sceneLighting":true,"audioPlay":false,"sceneViewState":{"showFog":true,"showMaterialUpdate":true,"showSkybox":true,"showFlares":true,"showImageEffects":true,"showParticleSystems":true},"in2DMode":false,"pivot":{"x":1.2108147144317628,"y":1.4274638891220093,"z":-10.091665267944336},"rotation":{"x":-0.012293818406760693,"y":-0.04887918010354042,"z":0.0006056145066395402,"w":-0.9987412691116333},"size":2.742143392562866,"orthographic":false}