{"cameraMode":{"drawMode":0,"name":"Shaded","section":"Shading Mode"},"sceneLighting":true,"audioPlay":false,"sceneViewState":{"showFog":true,"showMaterialUpdate":true,"showSkybox":true,"showFlares":true,"showImageEffects":true,"showParticleSystems":true},"in2DMode":false,"pivot":{"x":721.7568359375,"y":129.11737060546876,"z":-408.12469482421877},"rotation":{"x":-0.05668899416923523,"y":-0.14267598092556,"z":0.00819656252861023,"w":-0.9881249070167542},"size":251.9503173828125,"orthographic":false}