{"cameraMode":{"drawMode":0,"name":"Shaded","section":"Shading Mode"},"sceneLighting":false,"audioPlay":false,"sceneViewState":{"showFog":true,"showMaterialUpdate":true,"showSkybox":false,"showFlares":true,"showImageEffects":true,"showParticleSystems":true},"in2DMode":false,"pivot":{"x":5.650000095367432,"y":2.0,"z":-0.04999995231628418},"rotation":{"x":0.03417785093188286,"y":-0.020388836041092874,"z":-0.0006930145318619907,"w":-0.9992197155952454},"size":3.0560736656188967,"orthographic":false}