{"cameraMode":{"drawMode":0,"name":"Shaded","section":"Shading Mode"},"sceneLighting":true,"audioPlay":false,"sceneViewState":{"showFog":true,"showMaterialUpdate":true,"showSkybox":true,"showFlares":true,"showImageEffects":true,"showParticleSystems":true},"in2DMode":false,"pivot":{"x":1.8468589782714844,"y":-10.447854042053223,"z":9.335994720458985},"rotation":{"x":-0.36092686653137209,"y":-0.014828559942543507,"z":0.00574051309376955,"w":-0.9324607849121094},"size":23.527254104614259,"orthographic":false}