{"cameraMode":{"drawMode":0,"name":"Shaded","section":"Shading Mode"},"sceneLighting":false,"audioPlay":false,"sceneViewState":{"showFog":true,"showMaterialUpdate":true,"showSkybox":false,"showFlares":true,"showImageEffects":true,"showParticleSystems":true},"in2DMode":false,"pivot":{"x":-1.1920928955078126e-7,"y":0.8633744716644287,"z":-0.08068794012069702},"rotation":{"x":0.14677686989307404,"y":-0.0029722119215875866,"z":0.0004409270186442882,"w":0.9891656637191773},"size":3.8405678272247316,"orthographic":false}