{"cameraMode":{"drawMode":0,"name":"Shaded","section":"Shading Mode"},"sceneLighting":true,"audioPlay":false,"sceneViewState":{"showFog":true,"showMaterialUpdate":true,"showSkybox":true,"showFlares":true,"showImageEffects":true,"showParticleSystems":true},"in2DMode":false,"pivot":{"x":-5.420040130615234,"y":2.3625411987304689,"z":6.3217620849609379},"rotation":{"x":-0.30150163173675539,"y":0.016305595636367799,"z":-0.00514337420463562,"w":-0.9533261060714722},"size":19.396331787109376,"orthographic":false}