{"cameraMode":{"drawMode":0,"name":"Shaded","section":"Shading Mode"},"sceneLighting":true,"audioPlay":false,"sceneViewState":{"showFog":true,"showMaterialUpdate":true,"showSkybox":true,"showFlares":true,"showImageEffects":true,"showParticleSystems":true},"in2DMode":false,"pivot":{"x":7.179807186126709,"y":-6.8181633949279789,"z":-0.3638591766357422},"rotation":{"x":-0.14793281257152558,"y":0.06581400334835053,"z":-0.009866672568023205,"w":-0.986763596534729},"size":19.735511779785158,"orthographic":false}