{"cameraMode":{"drawMode":0,"name":"Shaded","section":"Shading Mode"},"sceneLighting":true,"audioPlay":false,"sceneViewState":{"showFog":true,"showMaterialUpdate":true,"showSkybox":true,"showFlares":true,"showImageEffects":true,"showParticleSystems":true},"in2DMode":false,"pivot":{"x":9.258316993713379,"y":0.8181402683258057,"z":-13.818708419799805},"rotation":{"x":-0.18049181997776032,"y":-0.05838850885629654,"z":0.010735672898590565,"w":-0.9817934036254883},"size":1.8327641487121583,"orthographic":false}