{"cameraMode":{"drawMode":0,"name":"Shaded","section":"Shading Mode"},"sceneLighting":true,"audioPlay":false,"sceneViewState":{"showFog":true,"showMaterialUpdate":true,"showSkybox":true,"showFlares":true,"showImageEffects":true,"showParticleSystems":true},"in2DMode":false,"pivot":{"x":10.449972152709961,"y":4.144840240478516,"z":-15.951066970825196},"rotation":{"x":-0.25689131021499636,"y":-0.006669754162430763,"z":0.0017739353934302927,"w":-0.966418981552124},"size":6.147290229797363,"orthographic":false}