{"cameraMode":{"drawMode":0,"name":"Shaded","section":"Shading Mode"},"sceneLighting":true,"audioPlay":false,"sceneViewState":{"showFog":true,"showMaterialUpdate":true,"showSkybox":true,"showFlares":true,"showImageEffects":true,"showParticleSystems":true},"in2DMode":false,"pivot":{"x":3.7990846633911135,"y":3.4015464782714845,"z":-9.581439018249512},"rotation":{"x":-0.2520125210285187,"y":0.06294532120227814,"z":-0.016425838693976404,"w":-0.9655472040176392},"size":10.51119613647461,"orthographic":false}