{"cameraMode":{"drawMode":0,"name":"Shaded","section":"Shading Mode"},"sceneLighting":true,"audioPlay":false,"sceneViewState":{"showFog":true,"showMaterialUpdate":true,"showSkybox":true,"showFlares":true,"showImageEffects":true,"showParticleSystems":true},"in2DMode":false,"pivot":{"x":723.1815185546875,"y":4.0484747886657719,"z":240.38681030273438},"rotation":{"x":-0.07074518501758576,"y":0.012566677294671536,"z":-0.0008885355782695115,"w":-0.9974188804626465},"size":734.0337524414063,"orthographic":false}