{"cameraMode":{"drawMode":0,"name":"Shaded","section":"Shading Mode"},"sceneLighting":true,"audioPlay":false,"sceneViewState":{"showFog":true,"showMaterialUpdate":true,"showSkybox":true,"showFlares":true,"showImageEffects":true,"showParticleSystems":true},"in2DMode":false,"pivot":{"x":-6.366069793701172,"y":-5.660426139831543,"z":2.7670159339904787},"rotation":{"x":-0.443316251039505,"y":0.0072594149969518188,"z":-0.003589068539440632,"w":-0.8963325619697571},"size":4.770196437835693,"orthographic":false}