{"cameraMode":{"drawMode":0,"name":"Shaded","section":"Shading Mode"},"sceneLighting":true,"audioPlay":false,"sceneViewState":{"showFog":true,"showMaterialUpdate":true,"showSkybox":true,"showFlares":true,"showImageEffects":true,"showParticleSystems":true},"in2DMode":false,"pivot":{"x":8.537270545959473,"y":1.5355215072631837,"z":-12.66720199584961},"rotation":{"x":0.33121368288993838,"y":0.03418293595314026,"z":-0.011993628926575184,"w":0.9428901076316834},"size":15.108837127685547,"orthographic":false}