{"cameraMode":{"drawMode":0,"name":"Shaded","section":"Shading Mode"},"sceneLighting":true,"audioPlay":false,"sceneViewState":{"showFog":true,"showMaterialUpdate":true,"showSkybox":true,"showFlares":true,"showImageEffects":true,"showParticleSystems":true},"in2DMode":false,"pivot":{"x":8.172338485717774,"y":1.5849566459655762,"z":-15.720342636108399},"rotation":{"x":-0.40453988313674929,"y":0.09357018023729325,"z":-0.04164634644985199,"w":-0.9087815880775452},"size":4.086397171020508,"orthographic":false}