{"cameraMode":{"drawMode":0,"name":"Shaded","section":"Shading Mode"},"sceneLighting":false,"audioPlay":false,"sceneViewState":{"showFog":true,"showMaterialUpdate":true,"showSkybox":false,"showFlares":true,"showImageEffects":true,"showParticleSystems":true},"in2DMode":false,"pivot":{"x":0.009999999776482582,"y":3.2300000190734865,"z":0.0},"rotation":{"x":-0.1837538629770279,"y":-0.008258671499788762,"z":0.001544514438137412,"w":-0.9829450845718384},"size":0.000017328127796645276,"orthographic":false}