{"cameraMode":{"drawMode":0,"name":"Shaded","section":"Shading Mode"},"sceneLighting":true,"audioPlay":false,"sceneViewState":{"showFog":true,"showMaterialUpdate":true,"showSkybox":true,"showFlares":true,"showImageEffects":true,"showParticleSystems":true},"in2DMode":false,"pivot":{"x":-13.36924934387207,"y":-3.0548911094665529,"z":15.246450424194336},"rotation":{"x":-0.09139800071716309,"y":0.19350868463516236,"z":-0.018107198178768159,"w":-0.9766668677330017},"size":8.925186157226563,"orthographic":false}