{"cameraMode":{"drawMode":0,"name":"Shaded","section":"Shading Mode"},"sceneLighting":true,"audioPlay":false,"sceneViewState":{"showFog":true,"showMaterialUpdate":true,"showSkybox":true,"showFlares":true,"showImageEffects":true,"showParticleSystems":true},"in2DMode":false,"pivot":{"x":-1.6905298233032227,"y":-5.030226707458496,"z":-1.1356630325317383},"rotation":{"x":-0.4514174461364746,"y":-0.06760832667350769,"z":0.03434089943766594,"w":-0.8890995383262634},"size":12.355348587036133,"orthographic":false}