{"cameraMode":{"drawMode":0,"name":"Shaded","section":"Shading Mode"},"sceneLighting":true,"audioPlay":false,"sceneViewState":{"showFog":true,"showMaterialUpdate":true,"showSkybox":true,"showFlares":true,"showImageEffects":true,"showParticleSystems":true},"in2DMode":false,"pivot":{"x":-7.072676658630371,"y":0.31122827529907229,"z":-0.06724739074707031},"rotation":{"x":-0.14793281257152558,"y":0.06581400334835053,"z":-0.009866672568023205,"w":-0.986763596534729},"size":8.635873794555664,"orthographic":false}