{"cameraMode":{"drawMode":0,"name":"Shaded","section":"Shading Mode"},"sceneLighting":false,"audioPlay":false,"sceneViewState":{"showFog":true,"showMaterialUpdate":true,"showSkybox":false,"showFlares":true,"showImageEffects":true,"showParticleSystems":true},"in2DMode":false,"pivot":{"x":1.6100000143051148,"y":0.227308988571167,"z":-0.09170925617218018},"rotation":{"x":-0.33420035243034365,"y":-0.016399674117565156,"z":0.005817419849336147,"w":-0.942345142364502},"size":1.8759875297546387,"orthographic":false}