{"cameraMode":{"drawMode":0,"name":"Shaded","section":"Shading Mode"},"sceneLighting":true,"audioPlay":false,"sceneViewState":{"showFog":true,"showMaterialUpdate":true,"showSkybox":true,"showFlares":true,"showImageEffects":true,"showParticleSystems":true},"in2DMode":false,"pivot":{"x":-3.1131763458251955,"y":1.49708890914917,"z":-1.058011531829834},"rotation":{"x":-0.17257551848888398,"y":-0.6961946487426758,"z":0.17836886644363404,"w":-0.6735868453979492},"size":5.846563816070557,"orthographic":false}